[{"word":"alias","vowelCount":3},{"word":"adipisci","vowelCount":4},{"word":"repellat","vowelCount":3},{"word":"Aspernatur","vowelCount":3},{"word":"neque","vowelCount":3},{"word":"laboriosam","vowelCount":5},{"word":"quos","vowelCount":2},{"word":"similique","vowelCount":5},{"word":"officiis","vowelCount":4},{"word":"excepturi","vowelCount":4},{"word":"natus","vowelCount":2},{"word":"sed","vowelCount":1},{"word":"debitis","vowelCount":3},{"word":"reiciendis","vowelCount":5},{"word":"at","vowelCount":1},{"word":"maiores","vowelCount":4},{"word":"delectus","vowelCount":3},{"word":"vitae","vowelCount":3},{"word":"eos","vowelCount":2},{"word":"fuga","vowelCount":2},{"word":"ullam","vowelCount":2},{"word":"iusto","vowelCount":3},{"word":"sunt","vowelCount":1},{"word":"nam","vowelCount":1},{"word":"expedita","vowelCount":4},{"word":"odit","vowelCount":2},{"word":"aspernatur","vowelCount":4},{"word":"sit","vowelCount":1},{"word":"amet","vowelCount":2},{"word":"Perspiciatis","vowelCount":5},{"word":"ab","vowelCount":1},{"word":"recusandae","vowelCount":5},{"word":"atque","vowelCount":3},{"word":"dolore","vowelCount":3},{"word":"harum","vowelCount":2},{"word":"odio","vowelCount":3},{"word":"nobis","vowelCount":2},{"word":"rem","vowelCount":1},{"word":"repudiandae","vowelCount":6},{"word":"cum","vowelCount":1},{"word":"ratione","vowelCount":4},{"word":"quas","vowelCount":2},{"word":"tempora","vowelCount":3},{"word":"iste","vowelCount":2},{"word":"Dolorum","vowelCount":3},{"word":"eius","vowelCount":3},{"word":"dolorem","vowelCount":3},{"word":"minima","vowelCount":3},{"word":"hic","vowelCount":1},{"word":"dolor","vowelCount":2},{"word":"aperiam","vowelCount":4},{"word":"culpa","vowelCount":2},{"word":"Rem","vowelCount":1},{"word":"voluptates","vowelCount":4},{"word":"Eum","vowelCount":1},{"word":"pariatur","vowelCount":4},{"word":"nulla","vowelCount":2},{"word":"distinctio","vowelCount":4},{"word":"explicabo","vowelCount":4},{"word":"voluptate","vowelCount":4},{"word":"aliquam","vowelCount":4},{"word":"nisi","vowelCount":2},{"word":"fugiat","vowelCount":3},{"word":"mollitia","vowelCount":4},{"word":"est","vowelCount":1},{"word":"nesciunt","vowelCount":3},{"word":"eaque","vowelCount":4},{"word":"laborum","vowelCount":3},{"word":"nihil","vowelCount":2},{"word":"tempore","vowelCount":3},{"word":"deleniti","vowelCount":4},{"word":"commodi","vowelCount":3},{"word":"dolorum","vowelCount":3},{"word":"Accusamus","vowelCount":3},{"word":"suscipit","vowelCount":3},{"word":"Nihil","vowelCount":2},{"word":"dicta","vowelCount":2},{"word":"Facilis","vowelCount":3},{"word":"Voluptas","vowelCount":3},{"word":"eveniet","vowelCount":4},{"word":"quidem","vowelCount":3},{"word":"illum","vowelCount":2},{"word":"minus","vowelCount":2},{"word":"deserunt","vowelCount":3},{"word":"porro","vowelCount":2},{"word":"quo","vowelCount":2},{"word":"dignissimos","vowelCount":4},{"word":"assumenda","vowelCount":4},{"word":"consequatur","vowelCount":5},{"word":"quam","vowelCount":2},{"word":"optio","vowelCount":3},{"word":"possimus","vowelCount":3},{"word":"architecto","vowelCount":4},{"word":"quasi","vowelCount":3},{"word":"ipsam","vowelCount":2},{"word":"Ipsum","vowelCount":1},{"word":"nostrum","vowelCount":2},{"word":"voluptatum","vowelCount":4},{"word":"eum","vowelCount":2},{"word":"impedit","vowelCount":3},{"word":"eligendi","vowelCount":4},{"word":"nemo","vowelCount":2},{"word":"soluta","vowelCount":3},{"word":"quae","vowelCount":3},{"word":"autem","vowelCount":3},{"word":"asperiores","vowelCount":5},{"word":"Itaque","vowelCount":3},{"word":"Esse","vowelCount":1},{"word":"elit","vowelCount":2},{"word":"adipisicing","vowelCount":5},{"word":"consectetur","vowelCount":4},{"word":"ipsum","vowelCount":2},{"word":"Lorem","vowelCount":2}]